iter,loss,psnr,z_norm
1,518905.34375,18.803091995155427,128.44732666015625
2,11398024.0,11.436083450939801,128.8478240966797
3,11259134.0,11.7019177455206,129.3859100341797
4,2199201.5,15.732846240737564,130.06170654296875
5,835451.3125,15.736820584141537,130.85430908203125
6,1170860.375,14.751311071273694,131.66270446777344
7,1822504.75,13.954251307871914,132.3888702392578
8,2410542.5,13.155416318109276,132.99925231933594
9,2585191.5,12.937620822310226,133.48764038085938
10,2424397.5,12.981331630601128,133.86959838867188
11,2138036.5,13.085025378047053,134.1754608154297
12,1819526.5,13.418529809094768,134.42796325683594
13,1598904.5,13.852601540510188,134.6403350830078
14,1518009.75,14.321405634675187,134.81797790527344
15,1561090.75,14.757110723435938,134.960693359375
16,1676167.625,15.048892813358917,135.0671844482422
17,1773644.25,15.179118938124338,135.13937377929688
18,1770365.0,15.183134677811989,135.18434143066406
19,1624194.375,15.127967036146845,135.2147979736328
20,1396799.375,15.066509265231197,135.24151611328125
21,1180446.25,15.011387358523663,135.2686767578125
22,1045208.9375,14.944463271829962,135.29185485839844
23,1003804.375,14.891736895732528,135.2976531982422
24,1018405.3125,14.897465431854426,135.2682647705078
25,1027446.75,14.986904201078325,135.18911743164062
26,975773.25,15.178069542437617,135.05580139160156
27,846558.25,15.483999402593563,134.87710571289062
28,675827.1875,15.890999507980814,134.67295837402344
29,531164.125,16.35106856678655,134.4672393798828
30,474828.9375,16.561339325903933,134.2790985107422
31,498588.28125,16.603367477415368,134.12799072265625
32,520055.03125,16.76240495411377,134.02407836914062
33,473504.78125,16.96218254378485,133.96681213378906
34,379902.3125,17.08592318970451,133.9284210205078
35,356209.75,16.87540755021938,133.84300231933594
36,329276.1875,17.0430363328314,133.70339965820312
37,265081.8125,17.663520542880086,133.54290771484375
38,215163.609375,18.364701196345802,133.37200927734375
39,206021.140625,18.384162730607954,133.197509765625
40,201463.890625,18.418250718389707,133.0264892578125
41,210111.09375,18.321804744228974,132.86090087890625
42,217065.203125,18.316660217340647,132.70481872558594
43,206543.078125,18.45820188796114,132.5666961669922
44,191943.515625,18.557170040667074,132.4419403076172
45,180976.265625,18.622390410737683,132.31809997558594
46,180047.40625,18.66780286960304,132.18296813964844
47,180191.59375,18.721841746737432,132.03167724609375
48,172620.703125,18.80574316544607,131.86924743652344
49,163805.171875,18.90601294061296,131.70736694335938
50,162654.53125,18.99592058664306,131.55709838867188
51,162880.421875,19.072523953417054,131.42202758789062
52,156130.34375,19.1404592950618,131.2958984375
53,150292.734375,19.189012261146207,131.16700744628906
54,150509.453125,19.227088251210397,131.02645874023438
55,148455.203125,19.28498583164129,130.8743133544922
56,142113.46875,19.37008805054097,130.71922302246094
57,139654.453125,19.461097858668577,130.56919860839844
58,138934.953125,19.50888034227931,130.4302978515625
59,134792.109375,19.534442060403954,130.30133056640625
60,131748.703125,19.55871159411515,130.1736602783203
61,130903.25,19.588815597030404,130.04180908203125
62,127679.1015625,19.62942685437161,129.90733337402344
63,126468.3046875,19.89808768783472,129.77052307128906
64,125282.1875,20.08370546280893,129.64271545410156
65,124272.28125,20.299764131719662,129.51559448242188
66,121730.40625,20.33611584237598,129.38706970214844
67,118264.3359375,20.266669120129713,129.25765991210938
68,115051.015625,20.09164654371566,129.12818908691406
69,112503.8359375,19.74507407255523,129.00767517089844
70,110581.859375,20.116999286972174,128.87828063964844
71,110081.1640625,19.926110583855884,128.75730895996094
72,109138.4765625,19.949201869409222,128.64845275878906
73,106598.265625,20.00154301307461,128.548583984375
74,103769.3671875,19.913729678084913,128.447021484375
75,103372.4140625,20.302389425920012,128.34046936035156
76,100127.0078125,20.442768957947976,128.2336883544922
77,99116.59375,20.541150804100138,128.1403045654297
78,92202.0703125,21.945010569213565,128.05950927734375
79,87994.8046875,22.526887634046936,127.97441864013672
80,87521.5234375,22.63859014304265,127.87689208984375
81,85026.9765625,22.74782486604434,127.76995849609375
82,82397.9609375,22.861245792022196,127.66362762451172
83,81552.4140625,22.950423865342408,127.56387329101562
84,79242.3828125,23.033040448590132,127.46665954589844
85,77780.5078125,23.10305414713951,127.36409759521484
86,76851.2421875,23.16696937649459,127.25386047363281
87,74442.8515625,23.235390145887212,127.1414794921875
88,73261.9765625,23.226553580557933,127.03227996826172
89,71855.1953125,23.38197137438759,126.92858123779297
90,70337.5859375,23.462630914917675,126.82555389404297
91,69046.65625,23.534502862186223,126.71965026855469
92,67106.65625,23.604396136775335,126.6123275756836
93,65123.00390625,23.639142918355944,126.50794219970703
94,64426.19140625,23.60067836671289,126.40972137451172
95,61084.6953125,23.79163568144633,126.31221008300781
96,86767.59375,20.460878607412102,126.24945068359375
97,63753.0390625,23.940126664475592,126.16773223876953
98,62257.8671875,23.97484845947728,126.07604217529297
99,61366.15625,24.009383744050652,125.99283599853516
100,63230.60546875,24.01920751669573,125.9247817993164
101,59486.64453125,24.052067548560036,125.85855102539062
102,60409.765625,24.057623040050544,125.77837371826172
103,59536.58203125,24.08150098528361,125.68563079833984
104,57746.1953125,24.034607835211276,125.59600067138672
105,57493.31640625,24.21660270525691,125.5167007446289
106,55230.90625,24.308603218018977,125.43965911865234
107,54702.1875,24.36326401198588,125.35469055175781
108,53503.1796875,24.387105614833327,125.26315307617188
109,53340.14453125,24.12958031379453,125.18435668945312
110,51748.4375,24.396988156406554,125.10835266113281
111,51318.4140625,24.49262654308102,125.03083038330078
112,51107.1796875,24.54006124882215,124.95084381103516
113,50540.328125,24.56679522587276,124.87152099609375
114,49984.03515625,24.567134130745284,124.79621124267578
115,49476.6328125,24.535180937971575,124.72483825683594
116,49225.7578125,24.52824606112277,124.65436553955078
117,48841.15625,24.597946959790367,124.58123779296875
118,48216.1171875,24.655534904859046,124.50852966308594
119,47954.13671875,24.695507466039707,124.44056701660156
120,47554.2421875,24.73375495074282,124.37625885009766
121,47090.66015625,24.76390237380742,124.31082153320312
122,46736.68359375,24.778759395977985,124.2428970336914
123,46294.5859375,24.769083135447744,124.17654418945312
124,46086.53125,24.76067710358905,124.11471557617188
125,45631.8671875,24.8151707281554,124.05364990234375
126,45368.6953125,24.861463056922155,123.98992919921875
127,45015.23828125,24.88405921186517,123.92559814453125
128,44768.3828125,24.89754825441517,123.86429595947266
129,44437.5859375,24.91165799037912,123.80506134033203
130,44124.9921875,24.924545521990055,123.74435424804688
131,43833.734375,24.929763364347966,123.68233489990234
132,43548.90625,24.923463998912222,123.62263488769531
133,43278.796875,24.932562274883043,123.56572723388672
134,42974.328125,24.958613371003636,123.5083999633789
135,42734.0078125,24.971905206630588,123.45012664794922
136,42471.3984375,24.978827012967034,123.3936996459961
137,42246.3984375,24.984095865937675,123.34019470214844
138,41976.3984375,24.991031719943937,123.28723907470703
139,41761.34375,24.995287095959338,123.23360443115234
140,41524.2265625,24.993539617337156,123.18141174316406
141,41308.01171875,24.99926049952995,123.13172912597656
142,41065.01953125,25.01817128718482,123.08246612548828
143,40860.98046875,25.029472676997937,123.03291320800781
144,40643.359375,25.036668145239133,122.98466491699219
145,40437.1171875,25.04240644427298,122.93834686279297
146,40221.0859375,25.048833311767787,122.89238739013672
147,40031.703125,25.05348336014821,122.84608459472656
148,39837.84375,25.0554999715421,122.80081939697266
149,39641.7265625,25.06451622622601,122.75678253173828
150,39451.7421875,25.075923402916153,122.71295166015625
151,39271.3984375,25.083359610836048,122.66937255859375
152,39089.984375,25.08808562530465,122.62689208984375
153,38906.49609375,25.091774516854912,122.5854263305664
154,38726.7421875,25.09466579403364,122.54425048828125
155,38555.7109375,25.094853711985348,122.5035629272461
156,38386.125,25.09679251944513,122.4638442993164
157,38212.8203125,25.106556908682464,122.42461395263672
158,38049.03515625,25.114115721386074,122.38607025146484
159,37887.8359375,25.11908402937207,122.34856414794922
160,37723.80859375,25.12264278824012,122.31190490722656
161,37562.3828125,25.12395208250043,122.2757797241211
162,37409.046875,25.12424886687704,122.24052429199219
163,37250.1171875,25.136864157388807,122.20530700683594
164,37094.921875,25.144016803621927,122.17106628417969
165,36944.046875,25.150516476898147,122.13807678222656
166,36790.1796875,25.15834924284374,122.10537719726562
167,36640.89453125,25.161803260157775,122.07295989990234
168,36494.74609375,25.16495478019058,122.04158782958984
169,36346.0625,25.18216807532582,122.01040649414062
170,36202.0078125,25.192619212416332,121.97985076904297
171,36058.453125,25.199265068210977,121.95032501220703
172,35913.5078125,25.205886239817996,121.92127990722656
173,35774.1796875,25.21128968703095,121.8924789428711
174,35634.484375,25.218911426310996,121.8642807006836
175,35495.265625,25.233499328918867,121.83663177490234
176,35361.1015625,25.245734626288222,121.80960845947266
177,35226.3984375,25.253429990505744,121.78324890136719
178,35093.9140625,25.258058106139387,121.75751495361328
179,34966.0234375,25.26627611722704,121.73208618164062
180,34838.17578125,25.278387742095827,121.70700073242188
181,34715.234375,25.2881144046397,121.68280792236328
182,34594.0703125,25.297959475371357,121.65924835205078
183,34475.5625,25.304743246178273,121.63603973388672
184,34361.4375,25.310855755173797,121.61334228515625
185,34248.50390625,25.324400961247694,121.59087371826172
186,34139.63671875,25.331221706447778,121.5693359375
187,34031.6875,25.3403917502656,121.54830932617188
188,33927.5234375,25.347755192770023,121.52745056152344
189,33824.953125,25.35400594497616,121.50717163085938
190,33724.4453125,25.367207083343303,121.4871826171875
191,33625.43359375,25.372630142456988,121.46800994873047
192,33527.2265625,25.380708161244403,121.44920349121094
193,33431.421875,25.389030997121786,121.43049621582031
194,33335.68359375,25.395598213011507,121.4124755859375
195,33241.47265625,25.40747090698211,121.3948745727539
196,33147.1171875,25.414139603282262,121.37775421142578
197,33054.109375,25.41966282963568,121.36112213134766
198,32961.09375,25.430716275963068,121.34465026855469
199,32868.21484375,25.438903518952646,121.32877349853516
200,32775.78125,25.447389427346323,121.31354522705078
201,32683.126953125,25.456849898489974,121.29854583740234
202,32590.4609375,25.46422433327587,121.28392791748047
203,32497.509765625,25.47320560048941,121.26990509033203
204,32404.142578125,25.48486467887196,121.25630187988281
205,32310.357421875,25.49487127065676,121.24303436279297
206,32215.75390625,25.50315569819287,121.23027038574219
207,32120.572265625,25.512603631838083,121.21797943115234
208,32024.318359375,25.523815678157646,121.20603942871094
209,31926.994140625,25.53515910318175,121.19450378417969
210,31828.662109375,25.54617395876745,121.1834716796875
211,31729.01953125,25.55711321577124,121.17283630371094
212,31628.255859375,25.567783812800403,121.16252899169922
213,31526.376953125,25.578300958693767,121.15266418457031
214,31423.599609375,25.58921680104909,121.14326477050781
215,31320.087890625,25.600508953190907,121.13423156738281
216,31216.22265625,25.611620710702645,121.12554168701172
217,31112.232421875,25.622415173146397,121.11727905273438
218,31008.384765625,25.633109269852735,121.10943603515625
219,30905.0234375,25.643730746885893,121.10193634033203
220,30802.443359375,25.654208001818656,121.09481811523438
221,30700.896484375,25.664751585190324,121.08814239501953
222,30600.53125,25.675569623941783,121.08185577392578
223,30501.552734375,25.686463363996538,121.0759048461914
224,30404.037109375,25.697187011263942,121.0703353881836
225,30308.078125,25.707809238187828,121.06517791748047
226,30213.70703125,25.718433740359057,121.06037139892578
227,30120.974609375,25.729033239840998,121.055908203125
228,30029.859375,25.739699239332573,121.05182647705078
229,29940.337890625,25.750610804285078,121.04812622070312
230,29852.4140625,25.76164511639135,121.04473114013672
231,29766.041015625,25.772540210246092,121.04166412353516
232,29681.177734375,25.78330339046181,121.03894805908203
233,29597.791015625,25.7941006058711,121.03656005859375
234,29515.869140625,25.804960140120365,121.03445434570312
235,29435.341796875,25.815870433126804,121.03266906738281
236,29356.2109375,25.826882473332844,121.03119659423828
237,29278.431640625,25.83790311648521,121.02999114990234
238,29201.978515625,25.84873329997947,121.02904510498047
239,29126.837890625,25.859403094114942,121.02838897705078
240,29052.98046875,25.870103073411173,121.02799987792969
241,28980.380859375,25.880863162775466,121.0278549194336
242,28909.02734375,25.89157851853485,121.02794647216797
243,28838.888671875,25.90222079773776,121.0282974243164
244,28769.927734375,25.912763751299472,121.02886199951172
245,28702.119140625,25.923141729550228,121.02963256835938
246,28635.421875,25.93341929296912,121.03063201904297
247,28569.791015625,25.943736733421716,121.03184509277344
248,28505.171875,25.954073166696546,121.03324890136719
249,28441.521484375,25.9643044987519,121.03483581542969
250,28378.763671875,25.974420722787393,121.03662872314453
251,28316.845703125,25.984474725988527,121.03858947753906
252,28255.716796875,25.9944921534439,121.04071807861328
253,28195.294921875,26.00450695020587,121.04302978515625
254,28135.537109375,26.01456387796268,121.04550170898438
255,28076.37109375,26.0246255257102,121.04812622070312
256,28017.75390625,26.03460990482198,121.05091094970703
257,27959.626953125,26.04455709795974,121.0538330078125
258,27901.947265625,26.054541394154818,121.0569076538086
259,27844.669921875,26.064574029003403,121.06011962890625
260,27787.763671875,26.074640132213858,121.06346893310547
261,27731.193359375,26.084737830621478,121.06695556640625
262,27674.919921875,26.094843426891394,121.070556640625
263,27618.9375,26.10493465182225,121.07427978515625
264,27563.212890625,26.115061780091878,121.078125
265,27507.728515625,26.125266441738102,121.08209228515625
266,27452.47265625,26.13552462508389,121.08616638183594
267,27397.435546875,26.145801267807634,121.09033966064453
268,27342.603515625,26.15610437211568,121.09463500976562
269,27287.962890625,26.166433650535488,121.09901428222656
270,27233.529296875,26.17679090897073,121.1034927368164
271,27179.283203125,26.187203187416763,121.10807800292969
272,27125.22265625,26.197680512882116,121.11274719238281
273,27071.3515625,26.20818908846381,121.11750030517578
274,27017.666015625,26.21870706605151,121.12234497070312
275,26964.173828125,26.229259066000576,121.12728118896484
276,26910.869140625,26.239852506686063,121.13228607177734
277,26857.751953125,26.25048634984632,121.13738250732422
278,26804.818359375,26.261171516989123,121.14254760742188
279,26752.07421875,26.27189803790822,121.14778900146484
280,26699.517578125,26.282642954711314,121.15310668945312
281,26647.138671875,26.29341624431815,121.15849304199219
282,26594.94140625,26.30423964036842,121.16394805908203
283,26542.91015625,26.31511388426308,121.16947174072266
284,26491.04296875,26.326030178258357,121.17506408691406
285,26439.333984375,26.336996166997597,121.18071746826172
286,26387.771484375,26.34799994627429,121.18643951416016
287,26336.333984375,26.359048292261615,121.19220733642578
288,26285.0078125,26.37015331056088,121.19805145263672
289,26233.794921875,26.381323715147794,121.20394897460938
290,26182.662109375,26.392555531965918,121.20989990234375
291,26131.591796875,26.40385048928147,121.21590423583984
292,26080.564453125,26.415208562025967,121.22196960449219
293,26029.576171875,26.42662928114015,121.22808074951172
294,25978.583984375,26.438124195596778,121.2342529296875
295,25927.58203125,26.44970229900568,121.24047088623047
296,25876.544921875,26.461365072100786,121.24674224853516
297,25825.44921875,26.473105933159037,121.2530517578125
298,25774.27734375,26.484926782244145,121.25941467285156
299,25723.01171875,26.496837214129147,121.26581573486328
300,25671.62890625,26.50883652116682,121.27227020263672
301,25620.107421875,26.52093034352008,121.27876281738281
302,25568.439453125,26.53312529662631,121.28529357910156
303,25516.59765625,26.545416205970458,121.29186248779297
304,25464.564453125,26.557801502234078,121.29846954345703
305,25412.322265625,26.570292912279022,121.30511474609375
306,25359.87109375,26.582889410412523,121.3117904663086
307,25307.177734375,26.59559411723681,121.3185043334961
308,25254.228515625,26.608410655928417,121.32524108886719
309,25201.013671875,26.62134408910363,121.3320083618164
310,25147.5234375,26.63439022602537,121.33880615234375
311,25093.734375,26.64755323969419,121.34562683105469
312,25039.646484375,26.660841575649616,121.35247039794922
313,24985.236328125,26.67426096623749,121.35933685302734
314,24930.501953125,26.687810145077346,121.3662109375
315,24875.419921875,26.7014963507304,121.37311553955078
316,24819.9921875,26.715324070678953,121.3800277709961
317,24764.21484375,26.72929214148535,121.38695526123047
318,24708.072265625,26.74341324381199,121.39389038085938
319,24651.5703125,26.757692082702246,121.40083312988281
320,24594.697265625,26.772128623950845,121.40779113769531
321,24537.466796875,26.786728630299244,121.41474914550781
322,24479.87109375,26.80149988674188,121.4217300415039
323,24421.943359375,26.81643620487611,121.42870330810547
324,24363.669921875,26.83154350654791,121.43569946289062
325,24305.103515625,26.846819977148435,121.44269561767578
326,24246.25,26.86226722131488,121.44970703125
327,24187.154296875,26.87787997633262,121.45673370361328
328,24127.849609375,26.893655383295574,121.46377563476562
329,24068.400390625,26.909585088202107,121.47084045410156
330,24008.857421875,26.92565563726987,121.4779281616211
331,23949.2734375,26.941858380543714,121.48504638671875
332,23889.748046875,26.958174000019564,121.49220275878906
333,23830.345703125,26.974589940080122,121.49939727783203
334,23771.16015625,26.991086879016844,121.50662994384766
335,23712.2734375,27.007651290707106,121.51392364501953
336,23653.779296875,27.024262814603265,121.52127075195312
337,23595.771484375,27.04090384460562,121.52867889404297
338,23538.33203125,27.057565745789184,121.53616333007812
339,23481.55078125,27.074222736949093,121.54371643066406
340,23425.505859375,27.090869339802897,121.55134582519531
341,23370.2578125,27.10749401925909,121.55906677246094
342,23315.869140625,27.124087672750164,121.56687927246094
343,23262.396484375,27.140638967896077,121.57479095458984
344,23209.876953125,27.15714901496346,121.58279418945312
345,23158.33984375,27.173607606676583,121.59088897705078
346,23107.814453125,27.1900147111473,121.5990982055664
347,23058.314453125,27.206366848783475,121.6073989868164
348,23009.83984375,27.222663162050132,121.61580657958984
349,22962.41015625,27.238901449620336,121.62432098388672
350,22916.015625,27.255087009272316,121.6329345703125
351,22870.654296875,27.271202838815974,121.64164733886719
352,22826.310546875,27.287255514651534,121.65045928955078
353,22782.994140625,27.303241394872288,121.65937042236328
354,22740.6796875,27.31915433840966,121.66837310791016
355,22699.345703125,27.33499742997511,121.67747497558594
356,22659.00390625,27.35076282122578,121.68666076660156
357,22619.60546875,27.366452760899854,121.6959457397461
358,22581.150390625,27.382059856925704,121.7052993774414
359,22543.6015625,27.397589395464692,121.7147445678711
360,22506.9453125,27.413032816195276,121.7242660522461
361,22471.1484375,27.428394033104624,121.7338638305664
362,22436.19140625,27.443669730898648,121.7435302734375
363,22402.033203125,27.458860783836577,121.7532730102539
364,22368.650390625,27.47396865569382,121.76307678222656
365,22336.021484375,27.488987752595996,121.77294158935547
366,22304.103515625,27.503924936092638,121.7828598022461
367,22272.869140625,27.5187783223722,121.79283905029297
368,22242.291015625,27.533548305175298,121.80286407470703
369,22212.33984375,27.54823471996712,121.81294250488281
370,22182.982421875,27.562839718847982,121.82305908203125
371,22154.193359375,27.577366072757474,121.83321380615234
372,22125.947265625,27.59181253485255,121.8434066772461
373,22098.216796875,27.60618338750985,121.8536376953125
374,22070.974609375,27.62048093368638,121.8638916015625
375,22044.19921875,27.63470341026984,121.87417602539062
376,22017.87109375,27.648854924654927,121.88447570800781
377,21991.966796875,27.66294466491498,121.89480590820312
378,21966.470703125,27.676965659001777,121.9051513671875
379,21941.359375,27.690927786214694,121.9155044555664
380,21916.615234375,27.704829436929504,121.92586517333984
381,21892.224609375,27.718671977432223,121.93624114990234
382,21868.17578125,27.732458297823644,121.94662475585938
383,21844.451171875,27.7461901277173,121.95700073242188
384,21821.041015625,27.759869526435523,121.9673843383789
385,21797.931640625,27.77350009891925,121.9777603149414
386,21775.111328125,27.787082463329664,121.9881362915039
387,21752.5703125,27.800620906781653,121.99850463867188
388,21730.306640625,27.814115495695184,122.00885772705078
389,21708.296875,27.827572126755086,122.01920318603516
390,21686.544921875,27.84098478007305,122.02953338623047
391,21665.037109375,27.854363714655754,122.03984832763672
392,21643.771484375,27.86770353897102,122.05014038085938
393,21622.740234375,27.8810062475692,122.0604248046875
394,21601.939453125,27.894281646349043,122.0706787109375
395,21581.357421875,27.9075274854133,122.08091735839844
396,21560.990234375,27.9207449354421,122.09112548828125
397,21540.83984375,27.93393329887685,122.10131072998047
398,21520.89453125,27.947087775389555,122.1114730834961
399,21501.15234375,27.960218049417787,122.1216049194336
400,21481.609375,27.973315536605984,122.13170623779297
401,21462.259765625,27.986385861388833,122.14177703857422
402,21443.107421875,27.999429296419855,122.15181732177734
403,21424.138671875,28.012447079732787,122.16182708740234
404,21405.357421875,28.02543982476111,122.17179870605469
405,21386.759765625,28.03841105100201,122.18174743652344
406,21368.337890625,28.051350764625038,122.19165802001953
407,21350.091796875,28.064271517644983,122.20152282714844
408,21332.0234375,28.077160685778612,122.21135711669922
409,21314.126953125,28.090021129359855,122.22115325927734
410,21296.396484375,28.1028563985752,122.23091125488281
411,21278.833984375,28.115661570042594,122.24063110351562
412,21261.431640625,28.128438236002587,122.25031280517578
413,21244.197265625,28.141188339494793,122.25996398925781
414,21227.115234375,28.153907238522926,122.26956176757812
415,21210.1953125,28.166591896334005,122.27912139892578
416,21193.427734375,28.17925087889662,122.28864288330078
417,21176.810546875,28.191876851011905,122.2981185913086
418,21160.341796875,28.20447175699995,122.30755615234375
419,21144.025390625,28.21703588970847,122.31695556640625
420,21127.8515625,28.22956349418358,122.32630920410156
421,21111.818359375,28.24205988214306,122.33561706542969
422,21095.927734375,28.254524679044497,122.34488677978516
423,21080.17578125,28.266953098634268,122.3541030883789
424,21064.55859375,28.279343364257056,122.36328125
425,21049.076171875,28.291699481818103,122.37242126464844
426,21033.72265625,28.304021742430745,122.38150787353516
427,21018.498046875,28.31630461050551,122.39055633544922
428,21003.40625,28.32855074836976,122.3995590209961
429,20988.43359375,28.340762161497185,122.40850830078125
430,20973.583984375,28.3529305005664,122.41742706298828
431,20958.85546875,28.36506883816429,122.4262924194336
432,20944.248046875,28.377166040136235,122.43511199951172
433,20929.75390625,28.389228296386356,122.44389343261719
434,20915.375,28.40126081917747,122.45262145996094
435,20901.111328125,28.413245725158617,122.4613037109375
436,20886.955078125,28.425201524812216,122.4699478149414
437,20872.90625,28.43711941900276,122.4785385131836
438,20858.966796875,28.44899475928742,122.48709106445312
439,20845.130859375,28.4608420039726,122.49559783935547
440,20831.400390625,28.472651585970425,122.5040512084961
441,20817.771484375,28.484422395810604,122.51246643066406
442,20804.244140625,28.496157606238075,122.52083587646484
443,20790.8125,28.507854331441003,122.52915954589844
444,20777.48046875,28.51951397171441,122.53743743896484
445,20764.244140625,28.53113830580014,122.54566192626953
446,20751.099609375,28.54272082052944,122.5538558959961
447,20738.048828125,28.554270520368302,122.56199645996094
448,20725.091796875,28.565778339098983,122.5700912475586
449,20712.220703125,28.57724969095392,122.5781478881836
450,20699.443359375,28.588684205466933,122.58615112304688
451,20686.74609375,28.60008004585801,122.59412384033203
452,20674.138671875,28.61144343785766,122.60203552246094
453,20661.6171875,28.622764474731536,122.60991668701172
454,20649.177734375,28.63405086795357,122.61775207519531
455,20636.8203125,28.645298568806513,122.62554168701172
456,20624.544921875,28.65650794188032,122.63328552246094
457,20612.34765625,28.667681590415913,122.6409912109375
458,20600.2265625,28.678816179583603,122.64865112304688
459,20588.185546875,28.6899150735904,122.6562728881836
460,20576.220703125,28.700980174230285,122.66384887695312
461,20564.326171875,28.712002130115515,122.67138671875
462,20552.5078125,28.722997118770945,122.67888641357422
463,20540.76171875,28.733948243409554,122.68634033203125
464,20529.083984375,28.744866461672196,122.69375610351562
465,20517.474609375,28.755756770108526,122.70112609863281
466,20505.935546875,28.766595673359923,122.70846557617188
467,20494.4609375,28.777416292416966,122.71575927734375
468,20483.052734375,28.788190118756457,122.7230224609375
469,20471.708984375,28.7989397421482,122.73023986816406
470,20460.4296875,28.80965338471085,122.73741149902344
471,20449.208984375,28.820328787107044,122.74456024169922
472,20438.048828125,28.830987619007217,122.75166320800781
473,20426.947265625,28.841600264918664,122.75873565673828
474,20415.900390625,28.852194269036524,122.7657699584961
475,20404.912109375,28.862755812370903,122.77275848388672
476,20393.98046875,28.87328420449216,122.77972412109375
477,20383.099609375,28.88379321720194,122.7866439819336
478,20372.271484375,28.894261874628526,122.79354095458984
479,20361.498046875,28.904717717634092,122.8003921508789
480,20350.767578125,28.9151428701217,122.80721282958984
481,20340.087890625,28.925540602953568,122.81400299072266
482,20329.453125,28.935920551620256,122.82075500488281
483,20318.8671875,28.946267058774264,122.82747650146484
484,20308.326171875,28.95659612747478,122.83416748046875
485,20297.82421875,28.96690000173154,122.8408203125
486,20287.3671875,28.977175646902403,122.84745025634766
487,20276.94921875,28.987443226625317,122.85404205322266
488,20266.5703125,28.99767091633779,122.86060333251953
489,20256.23046875,29.0078945859687,122.86713409423828
490,20245.923828125,29.018085920714256,122.87364196777344
491,20235.65625,29.028268080702368,122.88011169433594
492,20225.419921875,29.038431220910116,122.88655090332031
493,20215.216796875,29.048569059726745,122.8929672241211
494,20205.046875,29.058701310087738,122.89934539794922
495,20194.908203125,29.068798500342044,122.90570068359375
496,20184.794921875,29.078899181668127,122.91202545166016
497,20174.7109375,29.088968890880974,122.91831970214844
498,20164.654296875,29.099035296122693,122.92459869384766
499,20154.623046875,29.10908020015722,122.93083190917969
500,20144.615234375,29.11911413130209,122.93704986572266
501,20134.630859375,29.129139855543503,122.9432373046875
502,20124.669921875,29.13914523660987,122.94940185546875
503,20114.728515625,29.14914795227545,122.95553588867188
504,20104.8046875,29.15913626629844,122.9616470336914
505,20094.900390625,29.169114618973264,122.96772766113281
506,20085.015625,29.17908958466147,122.97378540039062
507,20075.14453125,29.18904682519586,122.97981262207031
508,20065.287109375,29.19900844853207,122.98582458496094
509,20055.447265625,29.208953783915916,122.99181365966797
510,20045.6171875,29.218902095331444,122.99777221679688
511,20035.802734375,29.22883726438199,123.00370025634766
512,20025.994140625,29.238773998823063,123.00961303710938
513,20016.1953125,29.248706303449914,123.01549530029297
514,20006.408203125,29.258630259446473,123.0213623046875
515,19996.62890625,29.26856241890226,123.02720642089844
516,19986.853515625,29.278484373688876,123.03302764892578
517,19977.0859375,29.28841531456188,123.038818359375
518,19967.322265625,29.29833976554077,123.04459381103516
519,19957.560546875,29.3082757379735,123.05033874511719
520,19947.802734375,29.318202516720625,123.05606842041016
521,19938.048828125,29.328145973652873,123.06178283691406
522,19928.294921875,29.338081861030343,123.06746673583984
523,19918.541015625,29.348033570345166,123.07313537597656
524,19908.787109375,29.35798109735826,123.07878112792969
525,19899.033203125,29.36794709044151,123.08441162109375
526,19889.275390625,29.37790796637995,123.09001922607422
527,19879.513671875,29.38789701032665,123.0956039428711
528,19869.751953125,29.397873872061115,123.1011734008789
529,19859.986328125,29.40788517579471,123.10671997070312
530,19850.21484375,29.41788070026684,123.11225128173828
531,19840.439453125,29.42791878321783,123.11775970458984
532,19830.662109375,29.43793614450773,123.12325286865234
533,19820.876953125,29.448002488973486,123.12873077392578
534,19811.087890625,29.45803911351167,123.13419342041016
535,19801.294921875,29.4681423754718,123.1396255493164
536,19791.494140625,29.478201046769293,123.14506530761719
537,19781.685546875,29.488346433353534,123.15046691894531
538,19771.876953125,29.498421883227053,123.15586853027344
539,19762.060546875,29.508612415184988,123.1612319946289
540,19752.240234375,29.51870155744183,123.16661071777344
541,19742.416015625,29.528949368265316,123.17193603515625
542,19732.58984375,29.539044546202003,123.17730712890625
543,19722.763671875,29.549361037834476,123.18258666992188
544,19712.935546875,29.559438962048013,123.18794250488281
545,19703.107421875,29.569857646873544,123.19318389892578
546,19693.291015625,29.579877279225975,123.19854736328125
547,19683.482421875,29.590455589708103,123.20372009277344
548,19673.701171875,29.60033983721345,123.20911407470703
549,19663.9609375,29.61117619243022,123.21418762207031
550,19654.302734375,29.62077602246838,123.21967315673828
551,19644.794921875,29.632071844855624,123.22457122802734
552,19635.568359375,29.641093303225396,123.23025512695312
553,19626.8984375,29.653235627169497,123.2348403930664
554,19619.298828125,29.661070695245044,123.24092864990234
555,19613.916015625,29.674818749579465,123.2448959350586
556,19612.865234375,29.6801469043737,123.25183868408203
557,19621.232421875,29.696979741200277,123.25454711914062
558,19647.9296875,29.696746820690816,123.26329803466797
559,19717.318359375,29.71922311553593,123.26335906982422
560,19866.255859375,29.705661398154568,123.2760238647461
561,20221.263671875,29.736218856708348,123.27042388916016
562,20913.212890625,29.68753056146413,123.29163360595703
563,22650.271484375,29.715189925025758,123.27399444580078
564,25526.166015625,29.57146337647952,123.31336212158203
565,33423.90625,29.50475788299495,123.27288055419922
566,40676.71875,29.200712791987815,123.34178924560547
567,61095.21875,28.89547470926602,123.27904510498047
568,48702.1015625,28.854627566678126,123.34169006347656
569,35391.734375,29.043614009000024,123.33402252197266
570,23884.16796875,29.179658373818498,123.32535552978516
571,37638.234375,29.013357254644045,123.40232849121094
572,44663.37109375,29.03734063947157,123.3840560913086
573,23664.3984375,29.65049272418853,123.40625762939453
574,25047.826171875,29.65762610284196,123.47712707519531
575,45092.953125,29.113228749177615,123.44100952148438
576,48579.6328125,29.00163118402755,123.53150939941406
577,54520.7421875,29.11614858146809,123.49554443359375
578,29538.341796875,29.49375153408949,123.53018951416016
579,20985.345703125,29.56282846560314,123.57678985595703
580,32354.919921875,29.347657652659855,123.55514526367188
581,31457.44921875,29.14808531059977,123.60475158691406
582,23133.5625,29.535449573214496,123.62217712402344
583,21638.267578125,29.667829919453315,123.61835479736328
584,27783.943359375,29.54916552373831,123.67334747314453
585,29640.853515625,29.732814953901254,123.6597900390625
586,21645.267578125,29.916909488202812,123.67511749267578
587,20658.806640625,29.92096472769247,123.70614624023438
588,26048.384765625,29.712941416046576,123.6822280883789
589,25735.564453125,29.752891136620235,123.70926666259766
590,21821.771484375,29.81937070236468,123.70472717285156
591,20026.689453125,29.922674898842196,123.69261169433594
592,22771.140625,29.934146067473968,123.71676635742188
593,23437.005859375,29.943749701992868,123.7005615234375
594,20182.8828125,30.068705948200495,123.69902038574219
595,20768.646484375,30.05723441648479,123.7182388305664
596,22776.150390625,30.05677901243684,123.70094299316406
597,20790.259765625,30.047360455771116,123.70635986328125
598,19800.169921875,30.092180810649115,123.71733856201172
599,21373.142578125,30.107361989162847,123.69978332519531
600,21243.923828125,30.037126941857256,123.70880889892578
601,19866.994140625,30.140260535191512,123.70594024658203
602,19941.54296875,30.151798278730016,123.6904296875
603,20855.578125,30.085325434639945,123.69803619384766
604,20533.955078125,30.16138493668782,123.6834716796875
605,19602.658203125,30.156192201119588,123.67333984375
606,19944.568359375,30.135774451937387,123.67645263671875
607,20470.583984375,30.145248654269583,123.65892028808594
608,19873.626953125,30.127662686700823,123.65475463867188
609,19570.982421875,30.135152700114798,123.6542739868164
610,20041.017578125,30.12940466981711,123.63920593261719
611,19997.3125,30.113580391669302,123.63986206054688
612,19549.1328125,30.14065427700817,123.63603210449219
613,19617.05078125,30.147610434146852,123.62474822998047
614,19871.224609375,30.129972983467226,123.62755584716797
615,19686.564453125,30.16199917242041,123.61937713623047
616,19439.4140625,30.161548916796047,123.61211395263672
617,19586.189453125,30.150433809374707,123.61322784423828
618,19726.111328125,30.171710437397575,123.60187530517578
619,19536.404296875,30.151604300587806,123.5985107421875
620,19399.783203125,30.163375417785716,123.5954818725586
621,19514.095703125,30.170384392689527,123.58483123779297
622,19570.931640625,30.146619339440623,123.58421325683594
623,19439.96875,30.17039096538083,123.57780456542969
624,19360.388671875,30.167979981016124,123.57099151611328
625,19437.849609375,30.159287324664987,123.57117462158203
626,19468.505859375,30.1772006193864,123.56360626220703
627,19370.52734375,30.16820254608071,123.56124877929688
628,19318.404296875,30.17525090615453,123.55997467041016
629,19369.453125,30.181412627932183,123.553466796875
630,19391.09375,30.170619175391295,123.55393981933594
631,19332.875,30.183724012940974,123.55004119873047
632,19287.005859375,30.18279319440378,123.54649353027344
633,19309.24609375,30.181127711715018,123.54696655273438
634,19332.89453125,30.191737826905065,123.54199981689453
635,19300.6875,30.1864699030697,123.5417709350586
636,19257.97265625,30.195750814917876,123.54044342041016
637,19257.244140625,30.199557883265232,123.53727722167969
638,19276.978515625,30.195495366101845,123.5386962890625
639,19270.017578125,30.207022962751342,123.53608703613281
640,19238.830078125,30.204231990169326,123.53610229492188
641,19223.015625,30.209704833865374,123.53677368164062
642,19231.3359375,30.21642208031286,123.53485870361328
643,19236.21484375,30.213143403301217,123.53679656982422
644,19221.365234375,30.22436234979054,123.53579711914062
645,19200.736328125,30.224382314498204,123.53612518310547
646,19193.923828125,30.22860198451869,123.5374526977539
647,19198.248046875,30.23565118651049,123.53639221191406
648,19197.205078125,30.23395597587104,123.53844451904297
649,19184.982421875,30.24301634003187,123.5383071899414
650,19170.92578125,30.24409118514677,123.53926086425781
651,19165.259765625,30.248195154596246,123.54112243652344
652,19166.021484375,30.254653243941362,123.541259765625
653,19163.990234375,30.255089129136522,123.54396057128906
654,19155.396484375,30.263689243735072,123.544921875
655,19144.826171875,30.26618353084259,123.54698181152344
656,19138.3828125,30.27178833880172,123.54949951171875
657,19136.302734375,30.27844604462861,123.55082702636719
658,19134.091796875,30.280709618472258,123.5540771484375
659,19128.529296875,30.28936472183768,123.5556640625
660,19120.599609375,30.29205522238915,123.55847930908203
661,19113.646484375,30.298743010640266,123.56104278564453
662,19109.365234375,30.304317628308834,123.56312561035156
663,19106.58203125,30.307844714937566,123.56644439697266
664,19103.01953125,30.31565338646049,123.56841278076172
665,19097.626953125,30.318424968792073,123.5717544555664
666,19091.322265625,30.325884825025998,123.57435607910156
667,19085.66015625,30.330430180892527,123.57727813720703
668,19081.380859375,30.335792463552753,123.58068084716797
669,19077.931640625,30.34258793350365,123.58332061767578
670,19074.244140625,30.346477794137687,123.58712768554688
671,19069.724609375,30.354203254002062,123.58995819091797
672,19064.58203125,30.358384654885228,123.59364318847656
673,19059.501953125,30.365350057796142,123.59698486328125
674,19054.998046875,30.370957472477617,123.600341796875
675,19051.08984375,30.376480608307013,123.60415649414062
676,19047.416015625,30.383471252470358,123.60733795166016
677,19043.5625,30.38811214150801,123.61136627197266
678,19039.35546875,30.395616344349826,123.61466217041016
679,19034.890625,30.400421590043155,123.6186294555664
680,19030.4296875,30.407465624516412,123.62226104736328
681,19026.185546875,30.413162469807173,123.62605285644531
682,19022.2265625,30.4192966506999,123.6300277709961
683,19018.470703125,30.42597931784174,123.63368225097656
684,19014.765625,30.43138250515031,123.63787841796875
685,19010.998046875,30.438638896629328,123.64151000976562
686,19007.12109375,30.44381398690923,123.645751953125
687,19003.15625,30.451070723015405,123.64948272705078
688,18999.169921875,30.456484738043073,123.65364837646484
689,18995.23046875,30.46333404330225,123.65755462646484
690,18991.380859375,30.469235654981542,123.66159057617188
691,18987.630859375,30.475544655088378,123.66567993164062
692,18983.970703125,30.481958587246652,123.66962432861328
693,18980.37109375,30.487825898905662,123.67385864257812
694,18976.802734375,30.494634197809425,123.67776489257812
695,18973.240234375,30.500254580323055,123.68208312988281
696,18969.67578125,30.507283270557682,123.68600463867188
697,18966.103515625,30.512842394068432,123.69036865234375
698,18962.533203125,30.519914013065925,123.6943359375
699,18958.970703125,30.52552614314704,123.69869232177734
700,18955.431640625,30.5325201562285,123.70269775390625
701,18951.91015625,30.53822644163356,123.70703125
702,18948.416015625,30.545088194691363,123.71106719970703
703,18944.951171875,30.55087932914349,123.71537017822266
704,18941.515625,30.557604181486088,123.71942901611328
705,18938.107421875,30.563456363677446,123.72370910644531
706,18934.72265625,30.57007764904546,123.72779083251953
707,18931.3671875,30.57595389100705,123.7320556640625
708,18928.03515625,30.582522580020782,123.73613739013672
709,18924.728515625,30.588383565016414,123.74041748046875
710,18921.451171875,30.59495630975404,123.74447631835938
711,18918.197265625,30.600747311006234,123.748779296875
712,18914.978515625,30.6073899780821,123.75279998779297
713,18911.796875,30.61303194482436,123.75714874267578
714,18908.666015625,30.619825523132818,123.7610855102539
715,18905.607421875,30.625200201685768,123.76551818847656
716,18902.654296875,30.632291222465135,123.76932525634766
717,18899.873046875,30.637193625695225,123.7739028930664
718,18897.388671875,30.644831515215117,123.77747344970703
719,18895.416015625,30.648881515419582,123.7823486328125
720,18894.39453125,30.657545179056346,123.78547668457031
721,18895.091796875,30.659985852906097,123.79092407226562
722,18899.185546875,30.670548386647475,123.79322814941406
723,18909.529296875,30.669775855197567,123.79979705810547
724,18933.044921875,30.68377823946993,123.80046844482422
725,18980.681640625,30.676115913996735,123.809326171875
726,19083.373046875,30.695817253390953,123.80670166015625
727,19282.935546875,30.671879622325374,123.82032012939453
728,19730.810546875,30.697682833215516,123.81082916259766
729,20564.8046875,30.63082473693393,123.83454132080078
730,22594.080078125,30.64250485517391,123.8107681274414
731,25909.525390625,30.45807469578913,123.85553741455078
732,34921.0078125,30.3292715794803,123.80438995361328
733,44084.1875,29.9387443282774,123.8848876953125
734,71331.5546875,29.418127434301216,123.8018569946289
735,62121.3203125,29.454735289754403,123.88668060302734
736,53792.0703125,29.477076737284232,123.8537368774414
737,25145.6484375,30.0222168334346,123.85166931152344
738,41982.48828125,29.684582550533626,123.94939422607422
739,60304.4765625,29.22804698075567,123.92124938964844
740,27520.505859375,30.132697337489187,123.95235443115234
741,28457.427734375,30.178615143636783,124.0478515625
742,56847.875,29.556269837152108,124.008056640625
743,51557.61328125,29.612206290952226,124.1068115234375
744,40413.2578125,30.298190355604735,124.09760284423828
745,20889.662109375,30.740867818531548,124.11957550048828
746,24750.037109375,30.498775006044887,124.19242858886719
747,40930.5859375,30.25757874864516,124.15808868408203
748,34479.04296875,30.042647338205896,124.21434020996094
749,23288.212890625,30.562056667828305,124.2241439819336
750,20577.255859375,30.62199244956239,124.21295166015625
751,28415.91015625,30.311489549343836,124.26844024658203
752,31226.380859375,30.538657970667163,124.24433135986328
753,21527.833984375,30.715554720260336,124.2532730102539
754,20851.08203125,30.815894403893264,124.28656005859375
755,27398.36328125,30.784004445000374,124.25359344482422
756,24738.455078125,30.759372702246417,124.2735595703125
757,19747.431640625,30.979222152662604,124.27540588378906
758,20916.642578125,30.92637676907794,124.24742889404297
759,23986.201171875,30.769838675519374,124.26721954345703
760,22614.673828125,30.796407218728387,124.24356079101562
761,19502.435546875,30.856407272646177,124.22515869140625
762,21179.056640625,30.785949502541538,124.23506927490234
763,23119.490234375,30.714965473589636,124.20001220703125
764,20607.318359375,30.795282562158604,124.18997955322266
765,19546.75390625,30.835530707714636,124.1866683959961
766,21355.830078125,30.799189444335518,124.15101623535156
767,21170.41796875,30.797043458801742,124.14657592773438
768,19545.701171875,30.870133427915,124.13029479980469
769,19705.400390625,30.87039844772622,124.09949493408203
770,20746.037109375,30.799159665480875,124.09647369384766
771,20298.052734375,30.849473432543615,124.0689697265625
772,19285.130859375,30.83803089760815,124.04584503173828
773,19721.357421875,30.793515095912262,124.03816223144531
774,20394.22265625,30.805574124730228,124.00494384765625
775,19788.876953125,30.753004122800398,123.98977661132812
776,19210.037109375,30.777274341913845,123.97317504882812
777,19581.416015625,30.768448714054863,123.94242095947266
778,19900.275390625,30.7018106714796,123.93216705322266
779,19515.244140625,30.743041710862347,123.90807342529297
780,19146.845703125,30.725157556426375,123.88533020019531
781,19397.548828125,30.693612000127235,123.875244140625
782,19629.244140625,30.70936253581675,123.84880828857422
783,19336.9765625,30.676330362684567,123.83492279052734
784,19085.53125,30.68560313095361,123.82075500488281
785,19236.830078125,30.678312298756104,123.79776763916016
786,19397.935546875,30.639142255356596,123.78921508789062
787,19260.763671875,30.653303742050912,123.77021026611328
788,19057.76171875,30.634834772489267,123.75469207763672
789,19102.095703125,30.618806012717638,123.74569702148438
790,19244.029296875,30.61771330033723,123.72628021240234
791,19202.431640625,30.59137973924689,123.71790313720703
792,19052.66015625,30.598703826468537,123.70524597167969
793,19013.689453125,30.589708958623746,123.69117736816406
794,19098.822265625,30.57178097543043,123.68549346923828
795,19134.513671875,30.578645736430666,123.6712875366211
796,19050.93359375,30.56177413593055,123.66436004638672
797,18975.173828125,30.56538024264409,123.6567611694336
798,18994.115234375,30.562716172252973,123.64580535888672
799,19045.521484375,30.545855198882265,123.64252471923828
800,19038.720703125,30.55569523533134,123.63260650634766
801,18977.953125,30.541843683673996,123.62750244140625
802,18942.314453125,30.543366654674116,123.62269592285156
803,18960.724609375,30.543202215686396,123.6146240234375
804,18988.302734375,30.52914623889801,123.61280059814453
805,18979.76171875,30.538753840033376,123.60572814941406
806,18941.521484375,30.52788601300472,123.60265350341797
807,18916.548828125,30.530742174174186,123.599609375
808,18922.6796875,30.531528362181145,123.59445190429688
809,18938.462890625,30.522888967256673,123.59413146972656
810,18936.71484375,30.531554647087646,123.58958435058594
811,18914.833984375,30.523985171663192,123.58882141113281
812,18894.162109375,30.529098838193057,123.58724975585938
813,18889.951171875,30.529682531103425,123.58487701416016
814,18897.4140625,30.526142171237876,123.58575439453125
815,18901.193359375,30.533302950512446,123.58323669433594
816,18892.669921875,30.528079562673007,123.58435821533203
817,18877.759765625,30.534997630418353,123.5836181640625
818,18866.919921875,30.534669963606195,123.58361053466797
819,18864.927734375,30.535961617408482,123.58502197265625
820,18867.537109375,30.541439900934275,123.58434295654297
821,18867.3046875,30.53917540417991,123.58675384521484
822,18861.1171875,30.547133553566432,123.5868148803711
823,18851.41796875,30.54647641104495,123.5888671875
824,18843.314453125,30.552137346872726,123.59053039550781
825,18839.494140625,30.555754132007785,123.59183502197266
826,18838.794921875,30.55747369239525,123.59481048583984
827,18838.033203125,30.56471198457711,123.59590911865234
828,18834.775390625,30.564805263888495,123.59927368164062
829,18829.064453125,30.572762680857856,123.6009750366211
830,18822.552734375,30.57432336861649,123.60395050048828
831,18817.173828125,30.580161734528716,123.6066665649414
832,18813.701171875,30.5846420470276,123.60908508300781
833,18811.583984375,30.587725940098487,123.61262512207031
834,18809.626953125,30.594635393536578,123.6148452758789
835,18806.822265625,30.59641218144919,123.61874389648438
836,18802.919921875,30.604085241341615,123.62124633789062
837,18798.287109375,30.606444306724455,123.62504577636719
838,18793.642578125,30.613226415372885,123.62815856933594
839,18789.533203125,30.617287249072692,123.63163757324219
840,18786.1640625,30.62243705103882,123.6353759765625
841,18783.36328125,30.628297556513253,123.63859558105469
842,18780.779296875,30.632103206316152,123.64275360107422
843,18778.083984375,30.639147234192983,123.64590454101562
844,18775.072265625,30.64242044336417,123.65023040771484
845,18771.73828125,30.64979272836847,123.65350341796875
846,18768.16796875,30.653334300386796,123.65778350830078
847,18764.533203125,30.660334884856827,123.66133117675781
848,18760.974609375,30.664638581472374,123.66545867919922
849,18757.583984375,30.67091744501797,123.66932678222656
850,18754.3828125,30.6761407256999,123.67329406738281
851,18751.359375,30.68165657611157,123.67742919921875
852,18748.462890625,30.687701253359897,123.68126678466797
853,18745.646484375,30.69260348628371,123.68560791015625
854,18742.861328125,30.699246014239236,123.68936920166016
855,18740.0859375,30.703721930705896,123.69383239746094
856,18737.3046875,30.71073162763365,123.6975326538086
857,18734.517578125,30.714937458793983,123.70206451416016
858,18731.736328125,30.722147690450935,123.70572662353516
859,18728.962890625,30.726165292816162,123.71031188964844
860,18726.224609375,30.733514224949587,123.71392822265625
861,18723.529296875,30.73735123058487,123.71857452392578
862,18720.91015625,30.7448682736203,123.72212982177734
863,18718.384765625,30.748450722788498,123.72686767578125
864,18716.013671875,30.756262915360235,123.73030853271484
865,18713.84375,30.75941575886494,123.73519134521484
866,18712.0,30.76774937498056,123.73844146728516
867,18710.611328125,30.770157409363822,123.74357604980469
868,18710.001953125,30.77938093516467,123.74646759033203
869,18710.5390625,30.780488470667464,123.7520523071289
870,18713.130859375,30.791218434309172,123.75433349609375
871,18718.826171875,30.790022345567326,123.76068878173828
872,18730.41015625,30.803264387479157,123.76191711425781
873,18750.9921875,30.797864786667375,123.7696533203125
874,18789.806640625,30.81521635742368,123.76900482177734
875,18856.072265625,30.801737203904512,123.77925109863281
876,18983.3515625,30.825295470565287,123.77517700195312
877,19197.333984375,30.795145643570876,123.79013061523438
878,19630.642578125,30.825575194150503,123.77970886230469
879,20332.64453125,30.758505036762408,123.80355072021484
880,21866.681640625,30.78435086922116,123.7813720703125
881,24084.486328125,30.634828043103344,123.82173156738281
882,29399.251953125,30.593882913362872,123.77932739257812
883,34771.90625,30.312087631206197,123.84595489501953
884,48626.421875,30.076533793030357,123.7793960571289
885,49436.1953125,29.911040764867522,123.8623275756836
886,53892.37109375,29.802255758836246,123.80953979492188
887,31573.353515625,30.253745156269837,123.845947265625
888,21585.810546875,30.45183195922059,123.8908920288086
889,30700.939453125,30.227246736969224,123.86727142333984
890,35551.921875,30.199647081160705,123.94414520263672
891,31547.529296875,30.329137956542578,123.9372787475586
892,21477.51953125,30.662380198986842,123.9699478149414
893,19239.99609375,30.767777732528025,124.01292419433594
894,24895.0625,30.668236511571372,123.99205780029297
895,33717.4921875,30.356286042251327,124.06680297851562
896,47987.71484375,30.21804879122235,124.00582122802734
897,49689.2890625,29.990748847638443,124.08907318115234
898,49591.8203125,30.2005738418733,124.04084777832031
899,26014.130859375,30.549473926065428,124.05742645263672
900,24174.431640625,30.487903964565337,124.11471557617188
901,37871.609375,30.163086695538396,124.08367919921875
902,28061.986328125,30.381617443807674,124.1174087524414
903,21112.498046875,30.71907815776674,124.16552734375
904,28800.591796875,30.718687981804994,124.14228820800781
905,28265.439453125,30.70073638469756,124.19151306152344
906,21930.041015625,31.028023774946792,124.19347381591797
907,19521.630859375,31.036254498429493,124.18131256103516
908,24315.349609375,30.774698586456566,124.21593475341797
909,29904.412109375,30.716201284693113,124.16621398925781
910,27214.353515625,30.69339106189006,124.18292999267578
911,21661.876953125,30.980326407392926,124.15740203857422
912,19200.24609375,31.04021575271585,124.12543487548828
913,22438.630859375,30.893443392547674,124.13643646240234
914,23558.673828125,30.86721742488033,124.10082244873047
915,20151.779296875,30.918716288089712,124.08442687988281
916,20695.8125,30.895649674040953,124.09323120117188
917,22779.20703125,30.881792592121307,124.05948638916016
918,20596.537109375,30.92858544848688,124.05529022216797
919,19072.048828125,31.00397582235186,124.05318450927734
920,20647.140625,30.983477896279847,124.01847076416016
921,21634.009765625,30.872017334713963,124.02130889892578
922,20659.466796875,30.956799090808236,123.99065399169922
923,19264.306640625,30.94648027155385,123.96638488769531
924,19487.767578125,30.921251091586242,123.95560455322266
925,20486.919921875,30.92910139657571,123.91399383544922
926,20270.673828125,30.85712596325797,123.90165710449219
927,19268.306640625,30.906725335838342,123.8754653930664
928,19025.775390625,30.87778101991446,123.84552764892578
929,19716.61328125,30.808594577907996,123.83805084228516
930,19882.837890625,30.822691084818707,123.80937194824219
931,19193.48828125,30.802265666646832,123.7944107055664
932,18957.384765625,30.80798922305489,123.78535461425781
933,19369.97265625,30.810290507963455,123.75962829589844
934,19509.4453125,30.76207616094281,123.75470733642578
935,19176.345703125,30.793893236171424,123.73512268066406
936,18876.712890625,30.772831348376457,123.71823120117188
937,18995.541015625,30.74944705648416,123.70978546142578
938,19269.888671875,30.753229918724315,123.68504333496094
939,19260.822265625,30.709373846396716,123.67732238769531
940,18997.544921875,30.730209345172256,123.65889739990234
941,18798.38671875,30.710608960362478,123.64351654052734
942,18878.275390625,30.689889876049996,123.63648986816406
943,19045.513671875,30.68928365813788,123.61846160888672
944,19019.833984375,30.65969628950823,123.6137924194336
945,18857.755859375,30.67262567036313,123.60372924804688
946,18777.859375,30.665567250493233,123.59394073486328
947,18846.783203125,30.652650609034037,123.59227752685547
948,18926.193359375,30.663792581299575,123.58052062988281
949,18895.541015625,30.642074606552733,123.57891845703125
950,18803.595703125,30.656096604164247,123.57136535644531
951,18748.755859375,30.647299382988024,123.564697265625
952,18771.392578125,30.63900021448754,123.56242370605469
953,18822.443359375,30.645398710274783,123.55280303955078
954,18831.18359375,30.625412150844454,123.55201721191406
955,18787.177734375,30.637243391981215,123.54502868652344
956,18731.90625,30.62560016949965,123.54208374023438
957,18716.064453125,30.625287782728723,123.54067993164062
958,18740.314453125,30.627543895175748,123.53582763671875
959,18764.115234375,30.61668088292815,123.53780364990234
960,18756.826171875,30.628642882257992,123.53429412841797
961,18723.416015625,30.62129296536448,123.53561401367188
962,18694.916015625,30.629221116029044,123.53558349609375
963,18690.271484375,30.63078030570775,123.53457641601562
964,18704.0078125,30.627625097358653,123.53718566894531
965,18717.099609375,30.636817176851693,123.53506469726562
966,18714.779296875,30.62947329564265,123.53800964355469
967,18698.279296875,30.64010562004864,123.53704071044922
968,18678.138671875,30.636584181318952,123.53872680664062
969,18666.26953125,30.64147385383738,123.54025268554688
970,18666.056640625,30.644694859847704,123.54071044921875
971,18671.94921875,30.643254961338954,123.54434967041016
972,18675.3515625,30.652138278330632,123.54485321044922
973,18671.080078125,30.64962068705662,123.54914093017578
974,18660.919921875,30.65977279828546,123.55093383789062
975,18649.955078125,30.660626845436543,123.55457305908203
976,18642.904296875,30.667322010586542,123.55797576904297
977,18640.908203125,30.672695914081824,123.56057739257812
978,18641.92578125,30.674838893456247,123.5650634765625
979,18642.810546875,30.683562239175703,123.56707763671875
980,18641.216796875,30.68342731841559,123.57182312011719
981,18636.787109375,30.69302394374227,123.57403564453125
982,18630.451171875,30.6934874429604,123.5784683227539
983,18623.990234375,30.701579511011737,123.58153533935547
984,18618.728515625,30.70451509313574,123.58546447753906
985,18615.19921875,30.71011892131903,123.58959197998047
986,18613.099609375,30.71605699917791,123.59313201904297
987,18611.658203125,30.719630072005263,123.59808349609375
988,18610.119140625,30.727846070743894,123.60147094726562
989,18607.986328125,30.73045280200677,123.60675811767578
990,18605.166015625,30.739536250945505,123.61022186279297
991,18601.732421875,30.742173402903497,123.61540985107422
992,18597.962890625,30.750843269382138,123.61907958984375
993,18594.07421875,30.754201185505302,123.62393951416016
994,18590.306640625,30.761761333469572,123.6279067993164
995,18586.8203125,30.766177932297964,123.63240814208984
996,18583.6953125,30.77248463376385,123.63671875
997,18580.927734375,30.778024505820753,123.64097595214844
998,18578.435546875,30.783305927049398,123.6456298828125
999,18576.103515625,30.789885592713713,123.64974975585938
1000,18573.833984375,30.794473863914952,123.6546859741211
